<?xml version="1.0" encoding="UTF-8"?>
<project-private xmlns="http://www.netbeans.org/ns/project-private/1">
    <editor-bookmarks xmlns="http://www.netbeans.org/ns/editor-bookmarks/2" lastBookmarkId="0"/>
    <open-files xmlns="http://www.netbeans.org/ns/projectui-open-files/2">
        <group name="EGG FullStack_Guía_7">
            <file>file:/Volumes/Sensible_Data/Users/droa/Library/Mobile%20Documents/com~apple~CloudDocs/APG-ADM/Proyectos/EGG%20FullStack/Día%2050/Ejercicio_Extra_6/src/ejercicio_extra_6/Servicios/ahorcadoServicios.java</file>
            <file>file:/Volumes/Sensible_Data/Users/droa/Library/Mobile%20Documents/com~apple~CloudDocs/APG-ADM/Proyectos/EGG%20FullStack/Día%2050/Ejercicio_Extra_6/src/ejercicio_extra_6/Ejercicio_Extra_6.java</file>
            <file>file:/Volumes/Sensible_Data/Users/droa/Library/Mobile%20Documents/com~apple~CloudDocs/APG-ADM/Proyectos/EGG%20FullStack/Día%2050/Ejercicio_Extra_6/src/ejercicio_extra_6/Entidades/Ahorcado.java</file>
        </group>
    </open-files>
</project-private>
